,Unnamed: 0,disease,workout
0,0,የፈንገስ ኢንፌክሽን,ጣፋጭ ምግቦችን ያስወግዱ
1,1,የፈንገስ ኢንፌክሽን,ፕሮባዮቲኮችን ይጠቀሙ
2,2,የፈንገስ ኢንፌክሽን,ነጭ ሽንኩርት መጠጣትን ይጨምሩ
3,3,የፈንገስ ኢንፌክሽን,በአመጋገብ ውስጥ እርጎን ያካትቱ
4,4,የፈንገስ ኢንፌክሽን,የተዘጋጁ ምግቦችን ይገድቡ
5,5,የፈንገስ ኢንፌክሽን,እርጥበት ይኑርዎት
6,6,የፈንገስ ኢንፌክሽን,አረንጓዴ ሻይ ይጠጡ
7,7,የፈንገስ ኢንፌክሽን,በዚንክ የበለጸጉ ምግቦችን ይመገቡ
8,8,የፈንገስ ኢንፌክሽን,በአመጋገብ ውስጥ ቱርመርን ያካትቱ
9,9,የፈንገስ ኢንፌክሽን,አትክልትና ፍራፍሬ ይበሉ
10,10,አለርጂ,የአለርጂ ምግቦችን ያስወግዱ
11,11,አለርጂ,ፀረ-ብግነት ምግቦችን ይጠቀሙ
12,12,አለርጂ,ኦሜጋ -3 ቅባት አሲዶችን ያካትቱ
13,13,አለርጂ,እርጥበት ይኑርዎት
14,14,አለርጂ,በቫይታሚን ሲ የበለፀጉ ምግቦችን ይመገቡ
15,15,አለርጂ,በ quercetin የበለጸጉ ምግቦችን ያካትቱ
16,16,አለርጂ,የሀገር ውስጥ ማር ይበሉ
17,17,አለርጂ,የተዘጋጁ ምግቦችን ይገድቡ
18,18,አለርጂ,በአመጋገብ ውስጥ ዝንጅብልን ያካትቱ
19,19,አለርጂ,ሰው ሠራሽ ተጨማሪዎችን ያስወግዱ
20,20,GERD,ትናንሽ ምግቦችን ይመገቡ
21,21,GERD,ቀስቃሽ ምግቦችን ያስወግዱ (ቅመም ፣ ቅባት)
22,22,GERD,ከፍተኛ ፋይበር የያዙ ምግቦችን ይመገቡ
23,23,GERD,ካፌይን እና አልኮል ይገድቡ
24,24,GERD,ምግብን በደንብ ያኝኩ
25,25,GERD,በምሽት ከመብላት ይቆጠቡ
26,26,GERD,የ citrus ያልሆኑ ፍራፍሬዎችን ይጠቀሙ
27,27,GERD,ደካማ ፕሮቲኖችን ያካትቱ
28,28,GERD,እርጥበት ይኑርዎት
29,29,GERD,ካርቦናዊ መጠጦችን ያስወግዱ
30,30,ሥር የሰደደ ኮሌስትሮል,ዝቅተኛ ቅባት ያለው አመጋገብ ይጠቀሙ
31,31,ሥር የሰደደ ኮሌስትሮል,ከፍተኛ ፋይበር የያዙ ምግቦችን ይመገቡ
32,32,ሥር የሰደደ ኮሌስትሮል,ጤናማ ቅባቶችን ያካትቱ
33,33,ሥር የሰደደ ኮሌስትሮል,አልኮል መጠጣትን ይገድቡ
34,34,ሥር የሰደደ ኮሌስትሮል,እርጥበት ይኑርዎት
35,35,ሥር የሰደደ ኮሌስትሮል,በAntioxidant የበለጸጉ ምግቦችን ይጠቀሙ
36,36,ሥር የሰደደ ኮሌስትሮል,ኦሜጋ -3 ቅባት አሲዶችን ያካትቱ
37,37,ሥር የሰደደ ኮሌስትሮል,ደካማ ፕሮቲኖችን ያካትቱ
38,38,ሥር የሰደደ ኮሌስትሮል,የተዘጋጁ ምግቦችን ይገድቡ
39,39,ሥር የሰደደ ኮሌስትሮል,የተጠበሱ ምግቦችን ያስወግዱ
40,40,የመድሃኒት ምላሽ,የሚያስከፋ መድሃኒት አቋርጥ
41,41,የመድሃኒት ምላሽ,እርጥበት ይኑርዎት
42,42,የመድሃኒት ምላሽ,ፀረ-ብግነት ምግቦችን ያካትቱ
43,43,የመድሃኒት ምላሽ,ፀረ-ንጥረ-ምግቦችን ይጠቀሙ
44,44,የመድሃኒት ምላሽ,ቀስቃሽ ምግቦችን ያስወግዱ
45,45,የመድሃኒት ምላሽ,ኦሜጋ -3 ቅባት አሲዶችን ያካትቱ
46,46,የመድሃኒት ምላሽ,ካፌይን እና አልኮል ይገድቡ
47,47,የመድሃኒት ምላሽ,እርጥበት ይኑርዎት
48,48,የመድሃኒት ምላሽ,የተመጣጠነ ምግብ ይብሉ
49,49,የመድሃኒት ምላሽ,የጤና እንክብካቤ ባለሙያ ያማክሩ
50,50,Peptic ulcer disease,ትንሽ ፣ ብዙ ተደጋጋሚ ምግቦችን ይጠቀሙ
51,51,Peptic ulcer disease,"ቀስቃሽ ምግቦችን ያስወግዱ (spicy, acidic)"
52,52,Peptic ulcer disease,ከፍተኛ ፋይበር ያላቸውን ምግቦች ያካትቱ
53,53,Peptic ulcer disease,ካፌይን እና አልኮል ይገድቡ
54,54,Peptic ulcer disease,እርጥበት ይኑርዎት
55,55,Peptic ulcer disease,ፕሮባዮቲኮችን ይጠቀሙ
56,56,Peptic ulcer disease,ደካማ ፕሮቲኖችን ያካትቱ
57,57,Peptic ulcer disease,በAntioxidant የበለጸጉ ምግቦችን ያካትቱ
58,58,Peptic ulcer disease,የተዘጋጁ ምግቦችን ይገድቡ
59,59,Peptic ulcer disease,ማጨስን እና አልኮልን ያስወግዱ
60,60,AIDS,የተመጣጠነ እና የተመጣጠነ ምግብን ይከተሉ
61,61,AIDS,ደካማ ፕሮቲኖችን ያካትቱ
62,62,AIDS,በንጥረ-ምግብ የበለጸጉ ምግቦችን ይጠቀሙ
63,63,AIDS,እርጥበት ይኑርዎት
64,64,AIDS,ጤናማ ቅባቶችን ያካትቱ
65,65,AIDS,ጥሬ ወይም ያልበሰሉ ምግቦችን ያስወግዱ
66,66,AIDS,ጣፋጭ ምግቦችን እና መጠጦችን ይገድቡ
67,67,AIDS,በሽታ የመከላከል አቅምን የሚጨምሩ ምግቦችን ይጠቀሙ
68,68,AIDS,የታዘዙ ተጨማሪ መድሃኒቶችን ይውሰዱ
69,69,AIDS,የጤና እንክብካቤ ባለሙያ ያማክሩ
70,70,የስኳር በሽታ,የካርቦሃይድሬት አመጋገብን ይቆጣጠሩ
71,71,የስኳር በሽታ,ሚዛናዊ ምግቦችን ይመገቡ
72,72,የስኳር በሽታ,ደካማ ፕሮቲኖችን ያካትቱ
73,73,የስኳር በሽታ,ከፍተኛ ፋይበር ያላቸውን ምግቦች ይጠቀሙ
74,74,የስኳር በሽታ,እርጥበት ይኑርዎት
75,75,የስኳር በሽታ,ጣፋጭ ምግቦችን እና መጠጦችን ይገድቡ
76,76,የስኳር በሽታ,ጤናማ ቅባቶችን ያካትቱ
77,77,የስኳር በሽታ,የደም ስኳር መጠን ይቆጣጠሩ
78,78,የስኳር በሽታ,የተመዘገበ የአመጋገብ ባለሙያ ያማክሩ
79,79,የስኳር በሽታ,እንደ መመሪያው የታዘዙ መድሃኒቶችን ይውሰዱ
80,80,የጨጓራ እጢ (gastroenteritis).,እርጥበት ይኑርዎት
81,81,የጨጓራ እጢ (gastroenteritis).,ንጹህ ፈሳሾችን ይጠቀሙ
82,82,የጨጓራ እጢ (gastroenteritis).,የ BRAT አመጋገብን ይከተሉ (ሙዝ ፣ ሩዝ ፣ ፖም ሾርባ ፣ ቶስት)
83,83,የጨጓራ እጢ (gastroenteritis).,ጣፋጭ ምግቦችን ያካትቱ
84,84,የጨጓራ እጢ (gastroenteritis).,ቅባት እና ቅባት የበዛባቸው ምግቦችን ያስወግዱ
85,85,የጨጓራ እጢ (gastroenteritis).,ካፌይን እና አልኮል ይገድቡ
86,86,የጨጓራ እጢ (gastroenteritis).,ቅመም የበዛባቸውን ምግቦች ያስወግዱ
87,87,የጨጓራ እጢ (gastroenteritis).,የጤና እንክብካቤ ባለሙያ ያማክሩ
88,88,የጨጓራ እጢ (gastroenteritis).,ቀስ በቀስ ጠንካራ ምግቦችን እንደገና ማስተዋወቅ
89,89,የጨጓራ እጢ (gastroenteritis).,የወተት ተዋጽኦዎችን ያስወግዱ
90,90,ብሮንካይያል አስም,ፀረ-ብግነት ምግቦችን ያካትቱ
91,91,ብሮንካይያል አስም,ኦሜጋ -3 ቅባት አሲዶችን ይጠቀሙ
92,92,ብሮንካይያል አስም,የሶዲየም መጠንን ይገድቡ
93,93,ብሮንካይያል አስም,እርጥበት ይኑርዎት
94,94,ብሮንካይያል አስም,በAntioxidant የበለጸጉ ምግቦችን ያካትቱ
95,95,ብሮንካይያል አስም,ሰልፋይት የያዙ ምግቦችን ያስወግዱ
96,96,ብሮንካይያል አስም,የተዘጋጁ ምግቦችን ይገድቡ
97,97,ብሮንካይያል አስም,ማግኒዥየም የበለጸጉ ምግቦችን ይጠቀሙ
98,98,ብሮንካይያል አስም,የጤና እንክብካቤ ባለሙያ ያማክሩ
99,99,ብሮንካይያል አስም,ቀስቃሽ ምግቦችን ያስወግዱ
100,100,የደም ግፊት,የ DASH አመጋገብን ይከተሉ (የደም ግፊትን ለማቆም የአመጋገብ ዘዴዎች)
101,101,የደም ግፊት,የሶዲየም መጠንን ይገድቡ
102,102,የደም ግፊት,በፖታስየም የበለጸጉ ምግቦችን ያካትቱ
103,103,የደም ግፊት,እርጥበት ይኑርዎት
104,104,የደም ግፊት,በካልሲየም የበለጸጉ ምግቦችን ይጠቀሙ
105,105,የደም ግፊት,አልኮል መጠጣትን ይገድቡ
106,106,የደም ግፊት,ማግኒዥየም የበለጸጉ ምግቦችን ያካትቱ
107,107,የደም ግፊት,ኦሜጋ -3 ቅባት አሲዶችን ይጠቀሙ
108,108,የደም ግፊት,የተዘጋጁ ምግቦችን ይገድቡ
109,109,የደም ግፊት,የጤና እንክብካቤ ባለሙያ ያማክሩ
110,110,ማይግሬን,ቀስቃሽ ምግቦችን መለየት እና ማስወገድ
111,111,ማይግሬን,እርጥበት ይኑርዎት
112,112,ማይግሬን,ማግኒዥየም የበለጸጉ ምግቦችን ያካትቱ
113,113,ማይግሬን,ኦሜጋ -3 ቅባት አሲዶችን ይጠቀሙ
114,114,ማይግሬን,ካፌይን እና አልኮል ይገድቡ
115,115,ማይግሬን,በሪቦፍላቪን የበለጸጉ ምግቦችን ይጠቀሙ
116,116,ማይግሬን,የተዘጋጁ ምግቦችን ይገድቡ
117,117,ማይግሬን,መደበኛ የምግብ ጊዜን ይጠብቁ
118,118,ማይግሬን,የጤና እንክብካቤ ባለሙያ ያማክሩ
119,119,ማይግሬን,ጭንቀትን ይቆጣጠሩ
120,120,የማኅጸን ጫፍ ስፖንዶሎሲስ,ፀረ-ብግነት ምግቦችን ያካትቱ
121,121,የማኅጸን ጫፍ ስፖንዶሎሲስ,ኦሜጋ -3 ቅባት አሲዶችን ይጠቀሙ
122,122,የማኅጸን ጫፍ ስፖንዶሎሲስ,በቫይታሚን ዲ የበለጸጉ ምግቦችን ያካትቱ
123,123,የማኅጸን ጫፍ ስፖንዶሎሲስ,እርጥበት ይኑርዎት
124,124,የማኅጸን ጫፍ ስፖንዶሎሲስ,በAntioxidant የበለጸጉ ምግቦችን ይጠቀሙ
125,125,የማኅጸን ጫፍ ስፖንዶሎሲስ,የተዘጋጁ ምግቦችን ይገድቡ
126,126,የማኅጸን ጫፍ ስፖንዶሎሲስ,ደካማ ፕሮቲኖችን ያካትቱ
127,127,የማኅጸን ጫፍ ስፖንዶሎሲስ,ጥሩ አቀማመጥ ይለማመዱ
128,128,የማኅጸን ጫፍ ስፖንዶሎሲስ,የጤና እንክብካቤ ባለሙያ ያማክሩ
129,129,የማኅጸን ጫፍ ስፖንዶሎሲስ,መደበኛ የአካል ብቃት እንቅስቃሴ ማድረግ
130,130,ሽባ (የአንጎል ደም መፍሰስ),የተመጣጠነ እና የተመጣጠነ ምግብን ይከተሉ
131,131,ሽባ (የአንጎል ደም መፍሰስ),ደካማ ፕሮቲኖችን ያካትቱ
132,132,ሽባ (የአንጎል ደም መፍሰስ),በንጥረ-ምግብ የበለጸጉ ምግቦችን ይጠቀሙ
133,133,ሽባ (የአንጎል ደም መፍሰስ),እርጥበት ይኑርዎት
134,134,ሽባ (የአንጎል ደም መፍሰስ),ጤናማ ቅባቶችን ያካትቱ
135,135,ሽባ (የአንጎል ደም መፍሰስ),ጣፋጭ ምግቦችን እና መጠጦችን ይገድቡ
136,136,ሽባ (የአንጎል ደም መፍሰስ),ፀረ-ንጥረ-ምግቦችን ያካትቱ
137,137,ሽባ (የአንጎል ደም መፍሰስ),በቫይታሚን ኬ የበለጸጉ ምግቦችን ይጠቀሙ
138,138,ሽባ (የአንጎል ደም መፍሰስ),የጤና እንክብካቤ ባለሙያ ያማክሩ
139,139,ሽባ (የአንጎል ደም መፍሰስ),ጭንቀትን ይቆጣጠሩ
140,140,አገርጥቶትና,እርጥበት ይኑርዎት
141,141,አገርጥቶትና,በንጥረ-ምግብ የበለጸጉ ምግቦችን ይጠቀሙ
142,142,አገርጥቶትና,በፕሮቲን የበለጸጉ ምግቦችን ያካትቱ
143,143,አገርጥቶትና,በቀላሉ ሊፈጩ የሚችሉ ምግቦችን ይጠቀሙ
144,144,አገርጥቶትና,የሰባ ምግቦችን ይገድቡ
145,145,አገርጥቶትና,አልኮል እና ካፌይን ያስወግዱ
146,146,አገርጥቶትና,በቫይታሚን ሲ የበለጸጉ ምግቦችን ያካትቱ
147,147,አገርጥቶትና,የጤና እንክብካቤ ባለሙያ ያማክሩ
148,148,አገርጥቶትና,ያርፉ እና ጉልበት ይቆጥቡ
149,149,አገርጥቶትና,ቀስ በቀስ መደበኛውን አመጋገብ ይቀጥሉ
150,150,ወባ,እርጥበት ይኑርዎት
151,151,ወባ,በንጥረ-ምግብ የበለጸጉ ምግቦችን ይጠቀሙ
152,152,ወባ,በፕሮቲን የበለጸጉ ምግቦችን ያካትቱ
153,153,ወባ,በአንቲኦክሲደንትስ የበለፀጉ ምግቦችን ይመገቡ
154,154,ወባ,ቅባት እና ቅባት ያላቸውን ምግቦች ይገድቡ
155,155,ወባ,አልኮል እና ካፌይን ያስወግዱ
156,156,ወባ,በቫይታሚን ሲ የበለጸጉ ምግቦችን ያካትቱ
157,157,ወባ,የጤና እንክብካቤ ባለሙያ ያማክሩ
158,158,ወባ,ያርፉ እና ጉልበት ይቆጥቡ
159,159,ወባ,ቀስ በቀስ መደበኛውን አመጋገብ ይቀጥሉ
160,160,የዶሮ ፐክስ,እርጥበት ይኑርዎት
161,161,የዶሮ ፐክስ,በቀላሉ ሊፈጩ የሚችሉ ምግቦችን ያካትቱ
162,162,የዶሮ ፐክስ,በቫይታሚን ሲ የበለጸጉ ምግቦችን ያካትቱ
163,163,የዶሮ ፐክስ,በፕሮቲን የበለጸጉ ምግቦችን ይጠቀሙ
164,164,የዶሮ ፐክስ,በዚንክ የበለጸጉ ምግቦችን ያካትቱ
165,165,የዶሮ ፐክስ,ቅመም እና አሲዳማ ምግቦችን ያስወግዱ
166,166,የዶሮ ፐክስ,የጤና እንክብካቤ ባለሙያ ያማክሩ
167,167,የዶሮ ፐክስ,ጥሩ ንጽሕናን ተለማመዱ
168,168,የዶሮ ፐክስ,ያርፉ እና ጉልበት ይቆጥቡ
169,169,የዶሮ ፐክስ,ቀስ በቀስ መደበኛውን አመጋገብ ይቀጥሉ
170,170,ዴንጊ,እርጥበት ይኑርዎት
171,171,ዴንጊ,በንጥረ-ምግብ የበለጸጉ ምግቦችን ያካትቱ
172,172,ዴንጊ,በቫይታሚን ሲ እና በፀረ ኦክሲደንትስ የበለፀጉ ምግቦችን ይመገቡ
173,173,ዴንጊ,ቅባት እና ቅባት ያላቸውን ምግቦች ይገድቡ
174,174,ዴንጊ,ካፌይን እና አልኮልን ያስወግዱ
175,175,ዴንጊ,ለስላሳ እና በቀላሉ ሊዋሃዱ የሚችሉ ምግቦችን ያካትቱ
176,176,ዴንጊ,የጤና እንክብካቤ ባለሙያ ያማክሩ
177,177,ዴንጊ,ያርፉ እና ጉልበት ይቆጥቡ
178,178,ዴንጊ,ቀስ በቀስ መደበኛውን አመጋገብ ይቀጥሉ
179,179,ዴንጊ,የሕክምና ምክሮችን ይከተሉ
180,180,ታይፎይድ,በቀላሉ ሊፈጩ የሚችሉ ምግቦችን ይጠቀሙ
181,181,ታይፎይድ,እርጥበት ይኑርዎት
182,182,ታይፎይድ,በንጥረ-ምግብ የበለጸጉ ምግቦችን ያካትቱ
183,183,ታይፎይድ,በቫይታሚን ሲ እና በፀረ ኦክሲደንትስ የበለፀጉ ምግቦችን ይመገቡ
184,184,ታይፎይድ,በፕሮቲን የበለጸጉ ምግቦችን ያካትቱ
185,185,ታይፎይድ,ቅባት እና ቅባት የበዛባቸው ምግቦችን ያስወግዱ
186,186,ታይፎይድ,የጤና እንክብካቤ ባለሙያ ያማክሩ
187,187,ታይፎይድ,ቀስ በቀስ መደበኛውን አመጋገብ ይቀጥሉ
188,188,ታይፎይድ,የሕክምና ምክሮችን ይከተሉ
189,189,ታይፎይድ,አልኮል እና ካፌይን ያስወግዱ
190,190,ሄፓታይተስ ኤ,እርጥበት ይኑርዎት
191,191,ሄፓታይተስ ኤ,በንጥረ-ምግብ የበለጸጉ ምግቦችን ይጠቀሙ
192,192,ሄፓታይተስ ኤ,በፕሮቲን የበለጸጉ ምግቦችን ያካትቱ
193,193,ሄፓታይተስ ኤ,በቀላሉ ሊፈጩ የሚችሉ ምግቦችን ይጠቀሙ
194,194,ሄፓታይተስ ኤ,የሰባ ምግቦችን ይገድቡ
195,195,ሄፓታይተስ ኤ,አልኮል እና ካፌይን ያስወግዱ
196,196,ሄፓታይተስ ኤ,በቫይታሚን ሲ የበለጸጉ ምግቦችን ያካትቱ
197,197,ሄፓታይተስ ኤ,የጤና እንክብካቤ ባለሙያ ያማክሩ
198,198,ሄፓታይተስ ኤ,ያርፉ እና ጉልበት ይቆጥቡ
199,199,ሄፓታይተስ ኤ,ቀስ በቀስ መደበኛውን አመጋገብ ይቀጥሉ
200,200,ሄፓታይተስ ቢ,የተመጣጠነ እና የተመጣጠነ ምግብን ይከተሉ
201,201,ሄፓታይተስ ቢ,እርጥበት ይኑርዎት
202,202,ሄፓታይተስ ቢ,በፕሮቲን የበለጸጉ ምግቦችን ያካትቱ
203,203,ሄፓታይተስ ቢ,በንጥረ-ምግብ የበለጸጉ ምግቦችን ይጠቀሙ
204,204,ሄፓታይተስ ቢ,የሰባ ምግቦችን ይገድቡ
205,205,ሄፓታይተስ ቢ,አልኮል እና ካፌይን ያስወግዱ
206,206,ሄፓታይተስ ቢ,በቫይታሚን ሲ የበለጸጉ ምግቦችን ያካትቱ
207,207,ሄፓታይተስ ቢ,የጤና እንክብካቤ ባለሙያ ያማክሩ
208,208,ሄፓታይተስ ቢ,ያርፉ እና ጉልበት ይቆጥቡ
209,209,ሄፓታይተስ ቢ,ቀስ በቀስ መደበኛውን አመጋገብ ይቀጥሉ
210,210,ሄፓታይተስ ሲ,የተመጣጠነ እና የተመጣጠነ ምግብን ይከተሉ
211,211,ሄፓታይተስ ሲ,እርጥበት ይኑርዎት
212,212,ሄፓታይተስ ሲ,በፕሮቲን የበለጸጉ ምግቦችን ያካትቱ
213,213,ሄፓታይተስ ሲ,በንጥረ-ምግብ የበለጸጉ ምግቦችን ይጠቀሙ
214,214,ሄፓታይተስ ሲ,የሰባ ምግቦችን ይገድቡ
215,215,ሄፓታይተስ ሲ,አልኮል እና ካፌይን ያስወግዱ
216,216,ሄፓታይተስ ሲ,በቫይታሚን ሲ የበለጸጉ ምግቦችን ያካትቱ
217,217,ሄፓታይተስ ሲ,የጤና እንክብካቤ ባለሙያ ያማክሩ
218,218,ሄፓታይተስ ሲ,ያርፉ እና ጉልበት ይቆጥቡ
219,219,ሄፓታይተስ ሲ,ቀስ በቀስ መደበኛውን አመጋገብ ይቀጥሉ
220,220,ሄፓታይተስ ዲ,የተመጣጠነ እና የተመጣጠነ ምግብን ይከተሉ
221,221,ሄፓታይተስ ዲ,እርጥበት ይኑርዎት
222,222,ሄፓታይተስ ዲ,በፕሮቲን የበለጸጉ ምግቦችን ያካትቱ
223,223,ሄፓታይተስ ዲ,በንጥረ-ምግብ የበለጸጉ ምግቦችን ይጠቀሙ
224,224,ሄፓታይተስ ዲ,የሰባ ምግቦችን ይገድቡ
225,225,ሄፓታይተስ ዲ,አልኮል እና ካፌይን ያስወግዱ
226,226,ሄፓታይተስ ዲ,በቫይታሚን ሲ የበለጸጉ ምግቦችን ያካትቱ
227,227,ሄፓታይተስ ዲ,የጤና እንክብካቤ ባለሙያ ያማክሩ
228,228,ሄፓታይተስ ዲ,ያርፉ እና ጉልበት ይቆጥቡ
229,229,ሄፓታይተስ ዲ,ቀስ በቀስ መደበኛውን አመጋገብ ይቀጥሉ
230,230,ሄፓታይተስ ኢ,እርጥበት ይኑርዎት
231,231,ሄፓታይተስ ኢ,በንጥረ-ምግብ የበለጸጉ ምግቦችን ይጠቀሙ
232,232,ሄፓታይተስ ኢ,በፕሮቲን የበለጸጉ ምግቦችን ያካትቱ
233,233,ሄፓታይተስ ኢ,በቀላሉ ሊፈጩ የሚችሉ ምግቦችን ይጠቀሙ
234,234,ሄፓታይተስ ኢ,የሰባ ምግቦችን ይገድቡ
235,235,ሄፓታይተስ ኢ,አልኮል እና ካፌይን ያስወግዱ
236,236,ሄፓታይተስ ኢ,በቫይታሚን ሲ የበለጸጉ ምግቦችን ያካትቱ
237,237,ሄፓታይተስ ኢ,የጤና እንክብካቤ ባለሙያ ያማክሩ
238,238,ሄፓታይተስ ኢ,ያርፉ እና ጉልበት ይቆጥቡ
239,239,ሄፓታይተስ ኢ,ቀስ በቀስ መደበኛውን አመጋገብ ይቀጥሉ
240,240,የአልኮል ሄፓታይተስ,አልኮል ከመጠጣት ይቆጠቡ
241,241,የአልኮል ሄፓታይተስ,የተመጣጠነ እና የተመጣጠነ ምግብን ይከተሉ
242,242,የአልኮል ሄፓታይተስ,እርጥበት ይኑርዎት
243,243,የአልኮል ሄፓታይተስ,በንጥረ-ምግብ የበለጸጉ ምግቦችን ይጠቀሙ
244,244,የአልኮል ሄፓታይተስ,በፕሮቲን የበለጸጉ ምግቦችን ያካትቱ
245,245,የአልኮል ሄፓታይተስ,የሰባ ምግቦችን ይገድቡ
246,246,የአልኮል ሄፓታይተስ,ፀረ-ንጥረ-ምግቦችን ያካትቱ
247,247,የአልኮል ሄፓታይተስ,የጤና እንክብካቤ ባለሙያ ያማክሩ
248,248,የአልኮል ሄፓታይተስ,ያርፉ እና ጉልበት ይቆጥቡ
249,249,የአልኮል ሄፓታይተስ,ቀስ በቀስ መደበኛውን አመጋገብ ይቀጥሉ
250,250,የሳንባ ነቀርሳ በሽታ,ከፍተኛ የፕሮቲን ምግቦችን ይመገቡ
251,251,የሳንባ ነቀርሳ በሽታ,በንጥረ-ምግብ የበለጸጉ ምግቦችን ያካትቱ
252,252,የሳንባ ነቀርሳ በሽታ,እርጥበት ይኑርዎት
253,253,የሳንባ ነቀርሳ በሽታ,በቫይታሚን ኤ እና ሲ የበለፀጉ ምግቦችን ይጠቀሙ
254,254,የሳንባ ነቀርሳ በሽታ,በዚንክ የበለጸጉ ምግቦችን ያካትቱ
255,255,የሳንባ ነቀርሳ በሽታ,ጣፋጭ ምግቦችን እና መጠጦችን ይገድቡ
256,256,የሳንባ ነቀርሳ በሽታ,የጤና እንክብካቤ ባለሙያ ያማክሩ
257,257,የሳንባ ነቀርሳ በሽታ,ያርፉ እና ጉልበት ይቆጥቡ
258,258,የሳንባ ነቀርሳ በሽታ,ቀስ በቀስ መደበኛውን አመጋገብ ይቀጥሉ
259,259,የሳንባ ነቀርሳ በሽታ,የሕክምና ምክሮችን ይከተሉ
260,260,የጋራ ቅዝቃዜ,እርጥበት ይኑርዎት
261,261,የጋራ ቅዝቃዜ,በንጥረ-ምግብ የበለጸጉ ምግቦችን ያካትቱ
262,262,የጋራ ቅዝቃዜ,በቫይታሚን ሲ እና በፀረ ኦክሲደንትስ የበለፀጉ ምግቦችን ይመገቡ
263,263,የጋራ ቅዝቃዜ,በዚንክ የበለጸጉ ምግቦችን ያካትቱ
264,264,የጋራ ቅዝቃዜ,ጣፋጭ ምግቦችን እና መጠጦችን ይገድቡ
265,265,የጋራ ቅዝቃዜ,የዶሮ ሾርባ ይበሉ
266,266,የጋራ ቅዝቃዜ,የጤና እንክብካቤ ባለሙያ ያማክሩ
267,267,የጋራ ቅዝቃዜ,ያርፉ እና ጉልበት ይቆጥቡ
268,268,የጋራ ቅዝቃዜ,ቀስ በቀስ መደበኛውን አመጋገብ ይቀጥሉ
269,269,የጋራ ቅዝቃዜ,የሕክምና ምክሮችን ይከተሉ
270,270,የሳንባ ምች,እርጥበት ይኑርዎት
271,271,የሳንባ ምች,በንጥረ-ምግብ የበለጸጉ ምግቦችን ያካትቱ
272,272,የሳንባ ምች,በቫይታሚን ሲ እና በፀረ ኦክሲደንትስ የበለፀጉ ምግቦችን ይመገቡ
273,273,የሳንባ ምች,በዚንክ የበለጸጉ ምግቦችን ያካትቱ
274,274,የሳንባ ምች,ጣፋጭ ምግቦችን እና መጠጦችን ይገድቡ
275,275,የሳንባ ምች,የዶሮ ሾርባ ይበሉ
276,276,የሳንባ ምች,የጤና እንክብካቤ ባለሙያ ያማክሩ
277,277,የሳንባ ምች,ያርፉ እና ጉልበት ይቆጥቡ
278,278,የሳንባ ምች,ቀስ በቀስ መደበኛውን አመጋገብ ይቀጥሉ
279,279,የሳንባ ምች,የሕክምና ምክሮችን ይከተሉ
280,280,ዲሞርፊክ ሄሞሮይድስ (ክምር),ከፍተኛ ፋይበር ያላቸውን ምግቦች ይጠቀሙ
281,281,ዲሞርፊክ ሄሞሮይድስ (ክምር),እርጥበት ይኑርዎት
282,282,ዲሞርፊክ ሄሞሮይድስ (ክምር),በንጥረ-ምግብ የበለጸጉ ምግቦችን ያካትቱ
283,283,ዲሞርፊክ ሄሞሮይድስ (ክምር),በ flavonoids የበለጸጉ ምግቦችን ይጠቀሙ
284,284,ዲሞርፊክ ሄሞሮይድስ (ክምር),የተዘጋጁ ምግቦችን ይገድቡ
285,285,ዲሞርፊክ ሄሞሮይድስ (ክምር),ቅመም እና ቅባት የበዛባቸው ምግቦችን ያስወግዱ
286,286,ዲሞርፊክ ሄሞሮይድስ (ክምር),የጤና እንክብካቤ ባለሙያ ያማክሩ
287,287,ዲሞርፊክ ሄሞሮይድስ (ክምር),ጥሩ ንጽሕናን ተለማመዱ
288,288,ዲሞርፊክ ሄሞሮይድስ (ክምር),ቀስ በቀስ መደበኛውን አመጋገብ ይቀጥሉ
289,289,ዲሞርፊክ ሄሞሮይድስ (ክምር),የሕክምና ምክሮችን ይከተሉ
290,290,የልብ ድካም,የልብ-ጤናማ አመጋገብን ይከተሉ
291,291,የልብ ድካም,የሶዲየም መጠንን ይገድቡ
292,292,የልብ ድካም,በፋይበር የበለጸጉ ምግቦችን ያካትቱ
293,293,የልብ ድካም,ጤናማ ቅባቶችን ይጠቀሙ
294,294,የልብ ድካም,ደካማ ፕሮቲኖችን ያካትቱ
295,295,የልብ ድካም,ጣፋጭ ምግቦችን እና መጠጦችን ይገድቡ
296,296,የልብ ድካም,እርጥበት ይኑርዎት
297,297,የልብ ድካም,የጤና እንክብካቤ ባለሙያ ያማክሩ
298,298,የልብ ድካም,የሕክምና ምክሮችን ይከተሉ
299,299,የልብ ድካም,መደበኛ የአካል ብቃት እንቅስቃሴ ማድረግ
300,300,የ varicose ደም መላሽ ቧንቧዎች,ከፍተኛ-ፋይበር አመጋገብን ይጠቀሙ
301,301,የ varicose ደም መላሽ ቧንቧዎች,እርጥበት ይኑርዎት
302,302,የ varicose ደም መላሽ ቧንቧዎች,በንጥረ-ምግብ የበለጸጉ ምግቦችን ያካትቱ
303,303,የ varicose ደም መላሽ ቧንቧዎች,በአንቲኦክሲደንትስ የበለፀጉ ምግቦችን ይመገቡ
304,304,የ varicose ደም መላሽ ቧንቧዎች,የሶዲየም መጠንን ይገድቡ
305,305,የ varicose ደም መላሽ ቧንቧዎች,በፍላቮኖይድ የበለጸጉ ምግቦችን ያካትቱ
306,306,የ varicose ደም መላሽ ቧንቧዎች,ለረጅም ጊዜ ከመቆም ወይም ከመቀመጥ ይቆጠቡ
307,307,የ varicose ደም መላሽ ቧንቧዎች,የጤና እንክብካቤ ባለሙያ ያማክሩ
308,308,የ varicose ደም መላሽ ቧንቧዎች,የሕክምና ምክሮችን ይከተሉ
309,309,የ varicose ደም መላሽ ቧንቧዎች,መደበኛ የአካል ብቃት እንቅስቃሴ ማድረግ
310,310,ሃይፖታይሮዲዝም,በአዮዲን የበለጸጉ ምግቦችን ያካትቱ
311,311,ሃይፖታይሮዲዝም,በሴሊኒየም የበለጸጉ ምግቦችን ይጠቀሙ
312,312,ሃይፖታይሮዲዝም,እርጥበት ይኑርዎት
313,313,ሃይፖታይሮዲዝም,በንጥረ-ምግብ የበለጸጉ ምግቦችን ያካትቱ
314,314,ሃይፖታይሮዲዝም,የተዘጋጁ ምግቦችን ይገድቡ
315,315,ሃይፖታይሮዲዝም,በቫይታሚን ቢ እና ዲ የበለጸጉ ምግቦችን ይመገቡ
316,316,ሃይፖታይሮዲዝም,የጤና እንክብካቤ ባለሙያ ያማክሩ
317,317,ሃይፖታይሮዲዝም,የሕክምና ምክሮችን ይከተሉ
318,318,ሃይፖታይሮዲዝም,የተረጋጋ ክብደትን ይጠብቁ
319,319,ሃይፖታይሮዲዝም,መደበኛ የአካል ብቃት እንቅስቃሴ ማድረግ
320,320,ሃይፐርታይሮዲዝም,የአዮዲን መጠን ይገድቡ
321,321,ሃይፐርታይሮዲዝም,የመስቀል አትክልቶችን በልክ ይበሉ
322,322,ሃይፐርታይሮዲዝም,እርጥበት ይኑርዎት
323,323,ሃይፐርታይሮዲዝም,በንጥረ-ምግብ የበለጸጉ ምግቦችን ያካትቱ
324,324,ሃይፐርታይሮዲዝም,ካፌይን እና አልኮል ይገድቡ
325,325,ሃይፐርታይሮዲዝም,ኦሜጋ -3 ቅባት አሲዶችን ያካትቱ
326,326,ሃይፐርታይሮዲዝም,የጤና እንክብካቤ ባለሙያ ያማክሩ
327,327,ሃይፐርታይሮዲዝም,የሕክምና ምክሮችን ይከተሉ
328,328,ሃይፐርታይሮዲዝም,የተረጋጋ ክብደትን ይጠብቁ
329,329,ሃይፐርታይሮዲዝም,መደበኛ የአካል ብቃት እንቅስቃሴ ማድረግ
330,330,ሃይፖግላይሴሚያ,ውስብስብ ካርቦሃይድሬትን ይጠቀሙ
331,331,ሃይፖግላይሴሚያ,በፕሮቲን የበለጸጉ ምግቦችን ያካትቱ
332,332,ሃይፖግላይሴሚያ,እርጥበት ይኑርዎት
333,333,ሃይፖግላይሴሚያ,ጣፋጭ ምግቦችን እና መጠጦችን ይገድቡ
334,334,ሃይፖግላይሴሚያ,መደበኛ ምግቦችን እና መክሰስ ይጠቀሙ
335,335,ሃይፖግላይሴሚያ,የጤና እንክብካቤ ባለሙያ ያማክሩ
336,336,ሃይፖግላይሴሚያ,የደም ስኳር መጠን ይቆጣጠሩ
337,337,ሃይፖግላይሴሚያ,የሕክምና ምክሮችን ይከተሉ
338,338,ሃይፖግላይሴሚያ,በመደበኛ አካላዊ እንቅስቃሴ ውስጥ ይሳተፉ
339,339,ሃይፖግላይሴሚያ,አልኮል መጠጣትን ይገድቡ
340,340,የአርትሮሲስ በሽታ,ፀረ-ብግነት ምግቦችን ይጠቀሙ
341,341,የአርትሮሲስ በሽታ,ኦሜጋ -3 ቅባት አሲዶችን ያካትቱ
342,342,የአርትሮሲስ በሽታ,በAntioxidant የበለጸጉ ምግቦችን ይጠቀሙ
343,343,የአርትሮሲስ በሽታ,እርጥበት ይኑርዎት
344,344,የአርትሮሲስ በሽታ,የተዘጋጁ ምግቦችን ይገድቡ
345,345,የአርትሮሲስ በሽታ,በቫይታሚን ኬ የበለጸጉ ምግቦችን ያካትቱ
346,346,የአርትሮሲስ በሽታ,የጤና እንክብካቤ ባለሙያ ያማክሩ
347,347,የአርትሮሲስ በሽታ,የሕክምና ምክሮችን ይከተሉ
348,348,የአርትሮሲስ በሽታ,Engage in low-impact የአካል ብቃት እንቅስቃሴ ማድረግ
349,349,የአርትሮሲስ በሽታ,ጤናማ ክብደትን ይጠብቁ
350,350,አርትራይተስ,ፀረ-ብግነት ምግቦችን ይጠቀሙ
351,351,አርትራይተስ,ኦሜጋ -3 ቅባት አሲዶችን ያካትቱ
352,352,አርትራይተስ,በAntioxidant የበለጸጉ ምግቦችን ይጠቀሙ
353,353,አርትራይተስ,እርጥበት ይኑርዎት
354,354,አርትራይተስ,የተዘጋጁ ምግቦችን ይገድቡ
355,355,አርትራይተስ,በቫይታሚን ኬ የበለጸጉ ምግቦችን ያካትቱ
356,356,አርትራይተስ,የጤና እንክብካቤ ባለሙያ ያማክሩ
357,357,አርትራይተስ,የሕክምና ምክሮችን ይከተሉ
358,358,አርትራይተስ,Engage in low-impact የአካል ብቃት እንቅስቃሴ ማድረግ
359,359,አርትራይተስ,ጤናማ ክብደትን ይጠብቁ
360,360,(vertigo) Paroymsal  Positional Vertigo,"ቀስቃሽ ምግቦችን ያስወግዱ (caffeine, alcohol)"
361,361,(vertigo) Paroymsal  Positional Vertigo,የሶዲየም መጠንን ይገድቡ
362,362,(vertigo) Paroymsal  Positional Vertigo,እርጥበት ይኑርዎት
363,363,(vertigo) Paroymsal  Positional Vertigo,ዝንጅብል እና ginkgo biloba ይጠቀሙ
364,364,(vertigo) Paroymsal  Positional Vertigo,ሰው ሰራሽ ጣፋጮችን ይገድቡ
365,365,(vertigo) Paroymsal  Positional Vertigo,የጤና እንክብካቤ ባለሙያ ያማክሩ
366,366,(vertigo) Paroymsal  Positional Vertigo,ድንገተኛ የጭንቅላት እንቅስቃሴዎችን ያስወግዱ
367,367,(vertigo) Paroymsal  Positional Vertigo,የሕክምና ምክሮችን ይከተሉ
368,368,(vertigo) Paroymsal  Positional Vertigo,ጭንቀትን ይቆጣጠሩ
369,369,(vertigo) Paroymsal  Positional Vertigo,ካፌይን እና አነቃቂዎችን ይገድቡ
370,370,ብጉር,የተመጣጠነ ምግብን ይጠቀሙ
371,371,ብጉር,ከፍተኛ የጂሊኬሚክ ምግቦችን እና የወተት ተዋጽኦዎችን ይገድቡ
372,372,ብጉር,ፀረ-ንጥረ-ምግቦችን ያካትቱ
373,373,ብጉር,እርጥበት ይኑርዎት
374,374,ብጉር,የተዘጋጁ ምግቦችን ይገድቡ
375,375,ብጉር,በዚንክ የበለጸጉ ምግቦችን ያካትቱ
376,376,ብጉር,የቆዳ እንክብካቤ ባለሙያ ያማክሩ
377,377,ብጉር,ጥሩ የቆዳ እንክብካቤ ንጽህናን ይለማመዱ
378,378,ብጉር,ጣፋጭ ምግቦችን እና መጠጦችን ይገድቡ
379,379,ብጉር,የሕክምና ምክሮችን ይከተሉ
380,380,የሽንት ቧንቧ ኢንፌክሽን,እርጥበት ይኑርዎት
381,381,የሽንት ቧንቧ ኢንፌክሽን,የክራንቤሪ ምርቶችን ይጠቀሙ
382,382,የሽንት ቧንቧ ኢንፌክሽን,በቫይታሚን ሲ የበለጸጉ ምግቦችን ያካትቱ
383,383,የሽንት ቧንቧ ኢንፌክሽን,ካፌይን እና አልኮል ይገድቡ
384,384,የሽንት ቧንቧ ኢንፌክሽን,ፕሮባዮቲኮችን ይጠቀሙ
385,385,የሽንት ቧንቧ ኢንፌክሽን,ቅመም እና አሲዳማ ምግቦችን ያስወግዱ
386,386,የሽንት ቧንቧ ኢንፌክሽን,የጤና እንክብካቤ ባለሙያ ያማክሩ
387,387,የሽንት ቧንቧ ኢንፌክሽን,የሕክምና ምክሮችን ይከተሉ
388,388,የሽንት ቧንቧ ኢንፌክሽን,ጥሩ ንጽህናን ይጠብቁ
389,389,የሽንት ቧንቧ ኢንፌክሽን,ጣፋጭ ምግቦችን እና መጠጦችን ይገድቡ
390,390,Psoriasis,ፀረ-ብግነት ምግቦችን ይጠቀሙ
391,391,Psoriasis,ኦሜጋ -3 ቅባት አሲዶችን ያካትቱ
392,392,Psoriasis,የቫይታሚን ዲ አናሎጎችን ያካትቱ
393,393,Psoriasis,አልኮል መጠጣትን ይገድቡ
394,394,Psoriasis,እርጥበት ይኑርዎት
395,395,Psoriasis,የጤና እንክብካቤ ባለሙያ ያማክሩ
396,396,Psoriasis,የተዘጋጁ ምግቦችን ይገድቡ
397,397,Psoriasis,የሕክምና ምክሮችን ይከተሉ
398,398,Psoriasis,ጭንቀትን ይቆጣጠሩ
399,399,Psoriasis,በሕክምና መመሪያ ስር የፎቶ ቴራፒን ያስቡ
400,400,ኢምፔቲጎ,ጥሩ ንጽህናን ይጠብቁ
401,401,ኢምፔቲጎ,እርጥበት ይኑርዎት
402,402,ኢምፔቲጎ,በንጥረ-ምግብ የበለጸጉ ምግቦችን ይጠቀሙ
403,403,ኢምፔቲጎ,ጣፋጭ ምግቦችን እና መጠጦችን ይገድቡ
404,404,ኢምፔቲጎ,በቫይታሚን ሲ የበለጸጉ ምግቦችን ያካትቱ
405,405,ኢምፔቲጎ,የጤና እንክብካቤ ባለሙያ ያማክሩ
406,406,ኢምፔቲጎ,የሕክምና ምክሮችን ይከተሉ
407,407,ኢምፔቲጎ,መቧጨርን ያስወግዱ
408,408,ኢምፔቲጎ,የታዘዙ አንቲባዮቲኮችን ይውሰዱ
409,409,ኢምፔቲጎ,የቁስል እንክብካቤን ይለማመዱ